Index,User Id,First Name,Last Name,Sex,Email,Phone,Date of birth,Job Title
1,88F7B33d2bcf9f5,Shelby,Terrell,,elijah57@example.net,001-084-906-7849x73518,10/26/1945,
2,f90cD3E76f1A9b9,,Summers,Female,bethany14@example.com,214.112.6044x4913,,
3,DbeAb8CcdfeFC2c,Kristine,,Male,bthompson@example.com,277.609.7938,7/2/1992,Homeopath
4,A31Bee3c201ef58,,Martinez,,kaitlinkaiser@example.com,,8/3/2017,Market researcher
5,1bA7A3dc874da3c,Lori,Todd,Male,buchananmanuel@example.net,689-207-3558x7233,12/1/1938,Veterinary surgeon
6,bfDD7CDEF5D865B,,Day,,tconner@example.org,,10/28/2015,
7,bE9EEf34cB72AF7,Katherine,Buck,Female,conniecowan@example.com,+1-773-151-6685x49162,1/22/1989,Intelligence analyst
8,2EFC6A4e77FaEaC,Ricardo,,Male,wyattbishop@example.com,001-447-699-7998x88612,3/26/1924,Hydrogeologist
9,baDcC4DeefD8dEB,Dave,Farrell,Male,nmccann@example.net,603-428-2429x27392,10/6/2018,Lawyer
,,,,,,,,
11,BF0BbA03C29Bb3b,Sheila,Ross,Female,huangcathy@example.com,895.881.4746,3/20/2008,Advertising account executive
12,F738c69fB34E62E,,Newton,Male,rayleroy@example.org,,,
13,C03fDADdAadAdCe,Mandy,Blake,Male,jefferynoble@example.org,(992)466-1305x4947,12/8/2007,"Scientist, clinical (histocompatibility and immunogenetics)"
14,b759b74BD1dE80d,Bridget,Nash,,,(216)627-8359,6/28/2004,Social worker
15,1F0B7D65A00DAF9,Crystal,Farmer,Male,pmiranda@example.org,-5791,3/9/1992,Agricultural consultant
16,50Bb061cB30B461,Thomas,,Female,,-2005,2/18/2006,Sport and exercise psychologist
17,,Maurice,Rangel,Male,sheenabanks@example.com,(246)187-4969,,Secretary/administrator
18,311D775990f066d,Frank,Meadows,Male,gbrewer@example.org,429.965.3902x4447,9/16/2008,Audiological scientist
19,,Alvin,Paul,,gilbertdonaldson@example.com,,5/12/1949,"Teacher, adult education"
20,88473e15D5c3cD0,Jared,Mitchell,Female,jcortez@example.com,-8587,1/18/1921,Paediatric nurse
